1,2019-01-28-1635,"""SMILE"""
2,2019-01-28-1702,
3,2019-01-28-1724,
4,2019-01-28-1814,
4,2019-02-02-1754,
5,2019-02-02-1917,
6,2019-02-02-2115,
7,2019-02-02-2128,
8,2019-02-04-1143,
9,2019-02-04-1151,
10,2019-02-04-1237,
11,2019-02-04-1241,
12,2019-02-04-1345,
14,2019-02-04-1713,
15,2019-02-04-1717,
16,2019-02-04-1927,
17,2019-02-04-1934,
18,2019-02-04-1945,
19,2019-02-04-1950,
20,2019-02-11-1333,
21,2019-02-11-1336,
22,2019-02-11-1354,
23,2019-02-25-1301,
24,2019-02-25-1237,
25,2019-02-11-1509,
26,2019-02-11-1435,
28,2019-02-25-1324,
29,2019-02-25-1351,
30,2019-02-25-1412,
31,2019-02-25-1721,
32,2019-02-25-1742,
33,2019-02-25-1746,
34,2019-02-25-1754,
35,2019-02-25-1756,
36,2019-02-25-1816,
37,2019-02-25-1818,
38,2019-02-25-1826,
39,2019-02-25-1838,
40,2019-02-25-1847,
41,2019-02-25-1939,
42,2019-02-25-1940,
41,2019-02-27-1800,
43,2019-03-01-1203,Signed
43,2019-03-01-1223,"""FOR JACQUELINE"""
45,2019-03-01-1350,Signed
46,2019-03-01-1406,Signed
47,2019-03-01-1425,Signed
48,2019-03-01-1438,"""DEX"""
49,2019-03-01-1454,Signed
49,2019-03-04-1227,Signed
50,2019-03-04-1232,Signed
51,2019-03-04-1254,Signed
52,2019-03-04-1257,Signed
53,2019-03-04-13?8,Signed
54,2019-03-04-1331,Signed
55,2019-03-04-1452,Signed
56,2019-03-04-1505,Signed
57,2019-03-41-1416,Signed
58,2019-03-04-1516,Signed
59,2019-03-04-1523,Signed
60,2019-03-04-1833,Signed
61,2019-03-04-1924,Signed
62,2019-03-04-1950,Signed
63,2019-03-04-1954,Signed
64,2019-03-04-2016,Signed
65,2019-03-04-2022,Signed
66,2019-03-04-2029,Signed
69,2019-03-11-1129,Signed
70,2019-03-11-1217,Signed
,,
,,
,,
,,
,,
,,
,,
,,
,,
,,
,,
,,
,,
,,
,,
,,
,,
,,
,,
,,
,,
,,
,,
,,
,,
,,
,,
,,
,,
,,
,,
,,
,,
102,2019-03-18-1418,flock.ltd
103,2019-03-18-1425,flock.ltd
104,2019-03-18-1449,flock.ltd
130,2019-04-01-2057,FLOCK.LTD